tablename,rls_enabled,policyname,roles,operation,condition,check_condition
admin_billing,true,Enable all operations for admin_billing,{public},ALL,true,true
admin_support_tickets,true,Enable all operations for admin_support_tickets,{public},ALL,true,true
admin_updates,true,Enable all operations for admin_updates,{public},ALL,true,true
ai_history,true,Allow anon delete access,{public},DELETE,true,null
ai_history,true,Allow anon insert access,{public},INSERT,null,true
ai_history,true,Allow anon read access,{public},SELECT,true,null
ai_history,true,Allow anon update access,{public},UPDATE,true,null
ai_history,true,Tenant Isolation Delete,{public},DELETE,"(((tenant_id = ( SELECT user_tenant_mapping.tenant_id FROM user_tenant_mapping WHERE (user_tenant_mapping.user_id = auth.uid()))) AND (category = ( SELECT upper(tenants.tier) AS upper FROM tenants WHERE (tenants.id = ai_history.tenant_id))) AND (plan = ( SELECT upper(tenants.plan) AS upper FROM tenants WHERE (tenants.id = ai_history.tenant_id)))) OR (EXISTS ( SELECT 1 FROM user_tenant_mapping WHERE ((user_tenant_mapping.user_id = auth.uid()) AND (user_tenant_mapping.role = 'super_admin'::text)))))",null
ai_history,true,Tenant Isolation Insert,{public},INSERT,null,"((tenant_id = ( SELECT user_tenant_mapping.tenant_id FROM user_tenant_mapping WHERE (user_tenant_mapping.user_id = auth.uid()))) OR (EXISTS ( SELECT 1 FROM user_tenant_mapping WHERE ((user_tenant_mapping.user_id = auth.uid()) AND (user_tenant_mapping.role = 'super_admin'::text)))))"
ai_history,true,Tenant Isolation Select,{public},SELECT,"(((tenant_id = ( SELECT user_tenant_mapping.tenant_id FROM user_tenant_mapping WHERE (user_tenant_mapping.user_id = auth.uid()))) AND (category = ( SELECT upper(tenants.tier) AS upper FROM tenants WHERE (tenants.id = ai_history.tenant_id))) AND (plan = ( SELECT upper(tenants.plan) AS upper FROM tenants WHERE (tenants.id = ai_history.tenant_id)))) OR (EXISTS ( SELECT 1 FROM user_tenant_mapping WHERE ((user_tenant_mapping.user_id = auth.uid()) AND (user_tenant_mapping.role = 'super_admin'::text)))))",null
ai_history,true,Tenant Isolation Update,{public},UPDATE,"(((tenant_id = ( SELECT user_tenant_mapping.tenant_id FROM user_tenant_mapping WHERE (user_tenant_mapping.user_id = auth.uid()))) AND (category = ( SELECT upper(tenants.tier) AS upper FROM tenants WHERE (tenants.id = ai_history.tenant_id))) AND (plan = ( SELECT upper(tenants.plan) AS upper FROM tenants WHERE (tenants.id = ai_history.tenant_id)))) OR (EXISTS ( SELECT 1 FROM user_tenant_mapping WHERE ((user_tenant_mapping.user_id = auth.uid()) AND (user_tenant_mapping.role = 'super_admin'::text)))))",null
app_settings,true,Allow full access app_settings,{public},ALL,true,true
area_problems,true,area_problems_tenant_isolation,{public},ALL,true,true
complaints,true,Tenant Isolation Delete,{public},DELETE,"((tenant_id IN ( SELECT user_tenant_mapping.tenant_id FROM user_tenant_mapping WHERE (user_tenant_mapping.user_id = auth.uid()))) OR (auth.role() = 'service_role'::text))",null
complaints,true,Tenant Isolation Insert,{public},INSERT,null,"((tenant_id IN ( SELECT user_tenant_mapping.tenant_id FROM user_tenant_mapping WHERE (user_tenant_mapping.user_id = auth.uid()))) OR (auth.role() = 'anon'::text) OR (auth.role() = 'service_role'::text) OR (tenant_id IS NOT NULL))"
complaints,true,Tenant Isolation Select,{public},SELECT,"((tenant_id IN ( SELECT user_tenant_mapping.tenant_id FROM user_tenant_mapping WHERE (user_tenant_mapping.user_id = auth.uid()))) OR (auth.role() = 'anon'::text) OR (auth.role() = 'service_role'::text) OR (tenant_id IS NULL))",null
complaints,true,Tenant Isolation Update,{public},UPDATE,"((tenant_id IN ( SELECT user_tenant_mapping.tenant_id FROM user_tenant_mapping WHERE (user_tenant_mapping.user_id = auth.uid()))) OR (auth.role() = 'service_role'::text))",null
conference_rooms,true,null,null,null,null,null
election_results,true,Users can delete election results for their tenant,{public},DELETE,"(tenant_id IN ( SELECT user_tenant_mapping.tenant_id FROM user_tenant_mapping WHERE ((user_tenant_mapping.user_id = auth.uid()) AND (user_tenant_mapping.role = 'admin'::text))))",null
election_results,true,Users can insert election results for their tenant,{public},INSERT,null,"(tenant_id IN ( SELECT user_tenant_mapping.tenant_id FROM user_tenant_mapping WHERE ((user_tenant_mapping.user_id = auth.uid()) AND (user_tenant_mapping.role = 'admin'::text))))"
election_results,true,Users can update election results for their tenant,{public},UPDATE,"(tenant_id IN ( SELECT user_tenant_mapping.tenant_id FROM user_tenant_mapping WHERE ((user_tenant_mapping.user_id = auth.uid()) AND (user_tenant_mapping.role = 'admin'::text))))",null
election_results,true,Users can view election results for their tenant,{public},SELECT,"(tenant_id IN ( SELECT user_tenant_mapping.tenant_id FROM user_tenant_mapping WHERE (user_tenant_mapping.user_id = auth.uid())))",null
event_rsvps,true,Enable delete access for authenticated users,{public},DELETE,(auth.role() = 'authenticated'::text),null
event_rsvps,true,Enable insert access for authenticated users,{public},INSERT,null,(auth.role() = 'authenticated'::text)
event_rsvps,true,Enable read access for authenticated users,{public},SELECT,(auth.role() = 'authenticated'::text),null
event_rsvps,true,Enable update access for authenticated users,{public},UPDATE,(auth.role() = 'authenticated'::text),null
event_rsvps,true,Tenant Isolation Delete,{public},DELETE,"(((tenant_id = ( SELECT user_tenant_mapping.tenant_id FROM user_tenant_mapping WHERE (user_tenant_mapping.user_id = auth.uid()))) AND (category = ( SELECT upper(tenants.tier) AS upper FROM tenants WHERE (tenants.id = event_rsvps.tenant_id))) AND (plan = ( SELECT upper(tenants.plan) AS upper FROM tenants WHERE (tenants.id = event_rsvps.tenant_id)))) OR (EXISTS ( SELECT 1 FROM user_tenant_mapping WHERE ((user_tenant_mapping.user_id = auth.uid()) AND (user_tenant_mapping.role = 'super_admin'::text)))))",null
event_rsvps,true,Tenant Isolation Insert,{public},INSERT,null,"((tenant_id = ( SELECT user_tenant_mapping.tenant_id FROM user_tenant_mapping WHERE (user_tenant_mapping.user_id = auth.uid()))) OR (EXISTS ( SELECT 1 FROM user_tenant_mapping WHERE ((user_tenant_mapping.user_id = auth.uid()) AND (user_tenant_mapping.role = 'super_admin'::text)))))"
event_rsvps,true,Tenant Isolation Select,{public},SELECT,"(((tenant_id = ( SELECT user_tenant_mapping.tenant_id FROM user_tenant_mapping WHERE (user_tenant_mapping.user_id = auth.uid()))) AND (category = ( SELECT upper(tenants.tier) AS upper FROM tenants WHERE (tenants.id = event_rsvps.tenant_id))) AND (plan = ( SELECT upper(tenants.plan) AS upper FROM tenants WHERE (tenants.id = event_rsvps.tenant_id)))) OR (EXISTS ( SELECT 1 FROM user_tenant_mapping WHERE ((user_tenant_mapping.user_id = auth.uid()) AND (user_tenant_mapping.role = 'super_admin'::text)))))",null
event_rsvps,true,Tenant Isolation Update,{public},UPDATE,"(((tenant_id = ( SELECT user_tenant_mapping.tenant_id FROM user_tenant_mapping WHERE (user_tenant_mapping.user_id = auth.uid()))) AND (category = ( SELECT upper(tenants.tier) AS upper FROM tenants WHERE (tenants.id = event_rsvps.tenant_id))) AND (plan = ( SELECT upper(tenants.plan) AS upper FROM tenants WHERE (tenants.id = event_rsvps.tenant_id)))) OR (EXISTS ( SELECT 1 FROM user_tenant_mapping WHERE ((user_tenant_mapping.user_id = auth.uid()) AND (user_tenant_mapping.role = 'super_admin'::text)))))",null
events,true,Allow public insert events,{anon},INSERT,null,true
events,true,Allow public read events,{anon},SELECT,true,null
events,true,Tenant Isolation Delete,{public},DELETE,"(((tenant_id = ( SELECT user_tenant_mapping.tenant_id FROM user_tenant_mapping WHERE (user_tenant_mapping.user_id = auth.uid()))) AND (category = ( SELECT upper(tenants.tier) AS upper FROM tenants WHERE (tenants.id = events.tenant_id))) AND (plan = ( SELECT upper(tenants.plan) AS upper FROM tenants WHERE (tenants.id = events.tenant_id)))) OR (EXISTS ( SELECT 1 FROM user_tenant_mapping WHERE ((user_tenant_mapping.user_id = auth.uid()) AND (user_tenant_mapping.role = 'super_admin'::text)))))",null
events,true,Tenant Isolation Insert,{public},INSERT,null,"((tenant_id = ( SELECT user_tenant_mapping.tenant_id FROM user_tenant_mapping WHERE (user_tenant_mapping.user_id = auth.uid()))) OR (EXISTS ( SELECT 1 FROM user_tenant_mapping WHERE ((user_tenant_mapping.user_id = auth.uid()) AND (user_tenant_mapping.role = 'super_admin'::text)))))"
events,true,Tenant Isolation Select,{public},SELECT,"(((tenant_id = ( SELECT user_tenant_mapping.tenant_id FROM user_tenant_mapping WHERE (user_tenant_mapping.user_id = auth.uid()))) AND (category = ( SELECT upper(tenants.tier) AS upper FROM tenants WHERE (tenants.id = events.tenant_id))) AND (plan = ( SELECT upper(tenants.plan) AS upper FROM tenants WHERE (tenants.id = events.tenant_id)))) OR (EXISTS ( SELECT 1 FROM user_tenant_mapping WHERE ((user_tenant_mapping.user_id = auth.uid()) AND (user_tenant_mapping.role = 'super_admin'::text)))))",null
events,true,Tenant Isolation Update,{public},UPDATE,"(((tenant_id = ( SELECT user_tenant_mapping.tenant_id FROM user_tenant_mapping WHERE (user_tenant_mapping.user_id = auth.uid()))) AND (category = ( SELECT upper(tenants.tier) AS upper FROM tenants WHERE (tenants.id = events.tenant_id))) AND (plan = ( SELECT upper(tenants.plan) AS upper FROM tenants WHERE (tenants.id = events.tenant_id)))) OR (EXISTS ( SELECT 1 FROM user_tenant_mapping WHERE ((user_tenant_mapping.user_id = auth.uid()) AND (user_tenant_mapping.role = 'super_admin'::text)))))",null
gallery,true,Allow anon delete access,{public},DELETE,true,null
gallery,true,Allow anon insert access,{public},INSERT,null,true
gallery,true,Allow anon read access,{public},SELECT,true,null
gallery,true,Allow anon update access,{public},UPDATE,true,null
gallery,true,Tenant Isolation Delete,{public},DELETE,"(((tenant_id = ( SELECT user_tenant_mapping.tenant_id FROM user_tenant_mapping WHERE (user_tenant_mapping.user_id = auth.uid()))) AND (category = ( SELECT upper(tenants.tier) AS upper FROM tenants WHERE (tenants.id = gallery.tenant_id))) AND (plan = ( SELECT upper(tenants.plan) AS upper FROM tenants WHERE (tenants.id = gallery.tenant_id)))) OR (EXISTS ( SELECT 1 FROM user_tenant_mapping WHERE ((user_tenant_mapping.user_id = auth.uid()) AND (user_tenant_mapping.role = 'super_admin'::text)))))",null
gallery,true,Tenant Isolation Insert,{public},INSERT,null,"((tenant_id = ( SELECT user_tenant_mapping.tenant_id FROM user_tenant_mapping WHERE (user_tenant_mapping.user_id = auth.uid()))) OR (EXISTS ( SELECT 1 FROM user_tenant_mapping WHERE ((user_tenant_mapping.user_id = auth.uid()) AND (user_tenant_mapping.role = 'super_admin'::text)))))"
gallery,true,Tenant Isolation Select,{public},SELECT,"(((tenant_id = ( SELECT user_tenant_mapping.tenant_id FROM user_tenant_mapping WHERE (user_tenant_mapping.user_id = auth.uid()))) AND (category = ( SELECT upper(tenants.tier) AS upper FROM tenants WHERE (tenants.id = gallery.tenant_id))) AND (plan = ( SELECT upper(tenants.plan) AS upper FROM tenants WHERE (tenants.id = gallery.tenant_id)))) OR (EXISTS ( SELECT 1 FROM user_tenant_mapping WHERE ((user_tenant_mapping.user_id = auth.uid()) AND (user_tenant_mapping.role = 'super_admin'::text)))))",null
gallery,true,Tenant Isolation Update,{public},UPDATE,"(((tenant_id = ( SELECT user_tenant_mapping.tenant_id FROM user_tenant_mapping WHERE (user_tenant_mapping.user_id = auth.uid()))) AND (category = ( SELECT upper(tenants.tier) AS upper FROM tenants WHERE (tenants.id = gallery.tenant_id))) AND (plan = ( SELECT upper(tenants.plan) AS upper FROM tenants WHERE (tenants.id = gallery.tenant_id)))) OR (EXISTS ( SELECT 1 FROM user_tenant_mapping WHERE ((user_tenant_mapping.user_id = auth.uid()) AND (user_tenant_mapping.role = 'super_admin'::text)))))",null
gb_diary,true,Allow all for everyone,{public},ALL,true,true
gb_diary,true,Tenant Isolation Delete,{public},DELETE,"(((tenant_id = ( SELECT user_tenant_mapping.tenant_id FROM user_tenant_mapping WHERE (user_tenant_mapping.user_id = auth.uid()))) AND (category = ( SELECT upper(tenants.tier) AS upper FROM tenants WHERE (tenants.id = gb_diary.tenant_id))) AND (plan = ( SELECT upper(tenants.plan) AS upper FROM tenants WHERE (tenants.id = gb_diary.tenant_id)))) OR (EXISTS ( SELECT 1 FROM user_tenant_mapping WHERE ((user_tenant_mapping.user_id = auth.uid()) AND (user_tenant_mapping.role = 'super_admin'::text)))))",null
gb_diary,true,Tenant Isolation Insert,{public},INSERT,null,"((tenant_id = ( SELECT user_tenant_mapping.tenant_id FROM user_tenant_mapping WHERE (user_tenant_mapping.user_id = auth.uid()))) OR (EXISTS ( SELECT 1 FROM user_tenant_mapping WHERE ((user_tenant_mapping.user_id = auth.uid()) AND (user_tenant_mapping.role = 'super_admin'::text)))))"
gb_diary,true,Tenant Isolation Select,{public},SELECT,"(((tenant_id = ( SELECT user_tenant_mapping.tenant_id FROM user_tenant_mapping WHERE (user_tenant_mapping.user_id = auth.uid()))) AND (category = ( SELECT upper(tenants.tier) AS upper FROM tenants WHERE (tenants.id = gb_diary.tenant_id))) AND (plan = ( SELECT upper(tenants.plan) AS upper FROM tenants WHERE (tenants.id = gb_diary.tenant_id)))) OR (EXISTS ( SELECT 1 FROM user_tenant_mapping WHERE ((user_tenant_mapping.user_id = auth.uid()) AND (user_tenant_mapping.role = 'super_admin'::text)))))",null
gb_diary,true,Tenant Isolation Update,{public},UPDATE,"(((tenant_id = ( SELECT user_tenant_mapping.tenant_id FROM user_tenant_mapping WHERE (user_tenant_mapping.user_id = auth.uid()))) AND (category = ( SELECT upper(tenants.tier) AS upper FROM tenants WHERE (tenants.id = gb_diary.tenant_id))) AND (plan = ( SELECT upper(tenants.plan) AS upper FROM tenants WHERE (tenants.id = gb_diary.tenant_id)))) OR (EXISTS ( SELECT 1 FROM user_tenant_mapping WHERE ((user_tenant_mapping.user_id = auth.uid()) AND (user_tenant_mapping.role = 'super_admin'::text)))))",null
housing_societies,true,Enable all access for authenticated users on housing_societies,{authenticated},ALL,true,true
housing_societies,true,Tenant Isolation Delete,{public},DELETE,"(((tenant_id = ( SELECT user_tenant_mapping.tenant_id FROM user_tenant_mapping WHERE (user_tenant_mapping.user_id = auth.uid()))) AND (category = ( SELECT upper(tenants.tier) AS upper FROM tenants WHERE (tenants.id = housing_societies.tenant_id))) AND (plan = ( SELECT upper(tenants.plan) AS upper FROM tenants WHERE (tenants.id = housing_societies.tenant_id)))) OR (EXISTS ( SELECT 1 FROM user_tenant_mapping WHERE ((user_tenant_mapping.user_id = auth.uid()) AND (user_tenant_mapping.role = 'super_admin'::text)))))",null
housing_societies,true,Tenant Isolation Insert,{public},INSERT,null,"((tenant_id = ( SELECT user_tenant_mapping.tenant_id FROM user_tenant_mapping WHERE (user_tenant_mapping.user_id = auth.uid()))) OR (EXISTS ( SELECT 1 FROM user_tenant_mapping WHERE ((user_tenant_mapping.user_id = auth.uid()) AND (user_tenant_mapping.role = 'super_admin'::text)))))"
housing_societies,true,Tenant Isolation Select,{public},SELECT,"(((tenant_id = ( SELECT user_tenant_mapping.tenant_id FROM user_tenant_mapping WHERE (user_tenant_mapping.user_id = auth.uid()))) AND (category = ( SELECT upper(tenants.tier) AS upper FROM tenants WHERE (tenants.id = housing_societies.tenant_id))) AND (plan = ( SELECT upper(tenants.plan) AS upper FROM tenants WHERE (tenants.id = housing_societies.tenant_id)))) OR (EXISTS ( SELECT 1 FROM user_tenant_mapping WHERE ((user_tenant_mapping.user_id = auth.uid()) AND (user_tenant_mapping.role = 'super_admin'::text)))))",null
housing_societies,true,Tenant Isolation Update,{public},UPDATE,"(((tenant_id = ( SELECT user_tenant_mapping.tenant_id FROM user_tenant_mapping WHERE (user_tenant_mapping.user_id = auth.uid()))) AND (category = ( SELECT upper(tenants.tier) AS upper FROM tenants WHERE (tenants.id = housing_societies.tenant_id))) AND (plan = ( SELECT upper(tenants.plan) AS upper FROM tenants WHERE (tenants.id = housing_societies.tenant_id)))) OR (EXISTS ( SELECT 1 FROM user_tenant_mapping WHERE ((user_tenant_mapping.user_id = auth.uid()) AND (user_tenant_mapping.role = 'super_admin'::text)))))",null
improvements,true,Allow public insert improvements,{anon},INSERT,null,true
improvements,true,Allow public read improvements,{anon},SELECT,true,null
improvements,true,Allow public update improvements,{anon},UPDATE,true,null
improvements,true,Tenant Isolation Delete,{public},DELETE,"(((tenant_id = ( SELECT user_tenant_mapping.tenant_id FROM user_tenant_mapping WHERE (user_tenant_mapping.user_id = auth.uid()))) AND (category = ( SELECT upper(tenants.tier) AS upper FROM tenants WHERE (tenants.id = improvements.tenant_id))) AND (plan = ( SELECT upper(tenants.plan) AS upper FROM tenants WHERE (tenants.id = improvements.tenant_id)))) OR (EXISTS ( SELECT 1 FROM user_tenant_mapping WHERE ((user_tenant_mapping.user_id = auth.uid()) AND (user_tenant_mapping.role = 'super_admin'::text)))))",null
improvements,true,Tenant Isolation Insert,{public},INSERT,null,"((tenant_id = ( SELECT user_tenant_mapping.tenant_id FROM user_tenant_mapping WHERE (user_tenant_mapping.user_id = auth.uid()))) OR (EXISTS ( SELECT 1 FROM user_tenant_mapping WHERE ((user_tenant_mapping.user_id = auth.uid()) AND (user_tenant_mapping.role = 'super_admin'::text)))))"
improvements,true,Tenant Isolation Select,{public},SELECT,"(((tenant_id = ( SELECT user_tenant_mapping.tenant_id FROM user_tenant_mapping WHERE (user_tenant_mapping.user_id = auth.uid()))) AND (category = ( SELECT upper(tenants.tier) AS upper FROM tenants WHERE (tenants.id = improvements.tenant_id))) AND (plan = ( SELECT upper(tenants.plan) AS upper FROM tenants WHERE (tenants.id = improvements.tenant_id)))) OR (EXISTS ( SELECT 1 FROM user_tenant_mapping WHERE ((user_tenant_mapping.user_id = auth.uid()) AND (user_tenant_mapping.role = 'super_admin'::text)))))",null
improvements,true,Tenant Isolation Update,{public},UPDATE,"(((tenant_id = ( SELECT user_tenant_mapping.tenant_id FROM user_tenant_mapping WHERE (user_tenant_mapping.user_id = auth.uid()))) AND (category = ( SELECT upper(tenants.tier) AS upper FROM tenants WHERE (tenants.id = improvements.tenant_id))) AND (plan = ( SELECT upper(tenants.plan) AS upper FROM tenants WHERE (tenants.id = improvements.tenant_id)))) OR (EXISTS ( SELECT 1 FROM user_tenant_mapping WHERE ((user_tenant_mapping.user_id = auth.uid()) AND (user_tenant_mapping.role = 'super_admin'::text)))))",null
incoming_letters,true,Allow authenticated users to insert incoming letters,{authenticated},INSERT,null,true
incoming_letters,true,Allow authenticated users to read incoming letters,{authenticated},SELECT,true,null
incoming_letters,true,Allow users to delete own incoming letters,{authenticated},DELETE,(uploaded_by = auth.uid()),null
incoming_letters,true,Allow users to update own incoming letters,{authenticated},UPDATE,(uploaded_by = auth.uid()),null
incoming_letters,true,Tenant Isolation Delete,{public},DELETE,"(((tenant_id = ( SELECT user_tenant_mapping.tenant_id FROM user_tenant_mapping WHERE (user_tenant_mapping.user_id = auth.uid()))) AND (category = ( SELECT upper(tenants.tier) AS upper FROM tenants WHERE (tenants.id = incoming_letters.tenant_id))) AND (plan = ( SELECT upper(tenants.plan) AS upper FROM tenants WHERE (tenants.id = incoming_letters.tenant_id)))) OR (EXISTS ( SELECT 1 FROM user_tenant_mapping WHERE ((user_tenant_mapping.user_id = auth.uid()) AND (user_tenant_mapping.role = 'super_admin'::text)))))",null
incoming_letters,true,Tenant Isolation Insert,{public},INSERT,null,"((tenant_id = ( SELECT user_tenant_mapping.tenant_id FROM user_tenant_mapping WHERE (user_tenant_mapping.user_id = auth.uid()))) OR (EXISTS ( SELECT 1 FROM user_tenant_mapping WHERE ((user_tenant_mapping.user_id = auth.uid()) AND (user_tenant_mapping.role = 'super_admin'::text)))))"
incoming_letters,true,Tenant Isolation Select,{public},SELECT,"(((tenant_id = ( SELECT user_tenant_mapping.tenant_id FROM user_tenant_mapping WHERE (user_tenant_mapping.user_id = auth.uid()))) AND (category = ( SELECT upper(tenants.tier) AS upper FROM tenants WHERE (tenants.id = incoming_letters.tenant_id))) AND (plan = ( SELECT upper(tenants.plan) AS upper FROM tenants WHERE (tenants.id = incoming_letters.tenant_id)))) OR (EXISTS ( SELECT 1 FROM user_tenant_mapping WHERE ((user_tenant_mapping.user_id = auth.uid()) AND (user_tenant_mapping.role = 'super_admin'::text)))))",null
incoming_letters,true,Tenant Isolation Update,{public},UPDATE,"(((tenant_id = ( SELECT user_tenant_mapping.tenant_id FROM user_tenant_mapping WHERE (user_tenant_mapping.user_id = auth.uid()))) AND (category = ( SELECT upper(tenants.tier) AS upper FROM tenants WHERE (tenants.id = incoming_letters.tenant_id))) AND (plan = ( SELECT upper(tenants.plan) AS upper FROM tenants WHERE (tenants.id = incoming_letters.tenant_id)))) OR (EXISTS ( SELECT 1 FROM user_tenant_mapping WHERE ((user_tenant_mapping.user_id = auth.uid()) AND (user_tenant_mapping.role = 'super_admin'::text)))))",null
letter_requests,true,Public Access Letters,{public},ALL,true,true
letter_requests,true,Tenant Isolation Delete,{public},DELETE,"(((tenant_id = ( SELECT user_tenant_mapping.tenant_id FROM user_tenant_mapping WHERE (user_tenant_mapping.user_id = auth.uid()))) AND (category = ( SELECT upper(tenants.tier) AS upper FROM tenants WHERE (tenants.id = letter_requests.tenant_id))) AND (plan = ( SELECT upper(tenants.plan) AS upper FROM tenants WHERE (tenants.id = letter_requests.tenant_id)))) OR (EXISTS ( SELECT 1 FROM user_tenant_mapping WHERE ((user_tenant_mapping.user_id = auth.uid()) AND (user_tenant_mapping.role = 'super_admin'::text)))))",null
letter_requests,true,Tenant Isolation Insert,{public},INSERT,null,"((tenant_id = ( SELECT user_tenant_mapping.tenant_id FROM user_tenant_mapping WHERE (user_tenant_mapping.user_id = auth.uid()))) OR (EXISTS ( SELECT 1 FROM user_tenant_mapping WHERE ((user_tenant_mapping.user_id = auth.uid()) AND (user_tenant_mapping.role = 'super_admin'::text)))))"
letter_requests,true,Tenant Isolation Select,{public},SELECT,"(((tenant_id = ( SELECT user_tenant_mapping.tenant_id FROM user_tenant_mapping WHERE (user_tenant_mapping.user_id = auth.uid()))) AND (category = ( SELECT upper(tenants.tier) AS upper FROM tenants WHERE (tenants.id = letter_requests.tenant_id))) AND (plan = ( SELECT upper(tenants.plan) AS upper FROM tenants WHERE (tenants.id = letter_requests.tenant_id)))) OR (EXISTS ( SELECT 1 FROM user_tenant_mapping WHERE ((user_tenant_mapping.user_id = auth.uid()) AND (user_tenant_mapping.role = 'super_admin'::text)))))",null
letter_requests,true,Tenant Isolation Update,{public},UPDATE,"(((tenant_id = ( SELECT user_tenant_mapping.tenant_id FROM user_tenant_mapping WHERE (user_tenant_mapping.user_id = auth.uid()))) AND (category = ( SELECT upper(tenants.tier) AS upper FROM tenants WHERE (tenants.id = letter_requests.tenant_id))) AND (plan = ( SELECT upper(tenants.plan) AS upper FROM tenants WHERE (tenants.id = letter_requests.tenant_id)))) OR (EXISTS ( SELECT 1 FROM user_tenant_mapping WHERE ((user_tenant_mapping.user_id = auth.uid()) AND (user_tenant_mapping.role = 'super_admin'::text)))))",null
letter_types,true,Public Access Letter Types,{public},ALL,true,true
letter_types,true,Tenant Isolation Delete,{public},DELETE,"(((tenant_id = ( SELECT user_tenant_mapping.tenant_id FROM user_tenant_mapping WHERE (user_tenant_mapping.user_id = auth.uid()))) AND (category = ( SELECT upper(tenants.tier) AS upper FROM tenants WHERE (tenants.id = letter_types.tenant_id))) AND (plan = ( SELECT upper(tenants.plan) AS upper FROM tenants WHERE (tenants.id = letter_types.tenant_id)))) OR (EXISTS ( SELECT 1 FROM user_tenant_mapping WHERE ((user_tenant_mapping.user_id = auth.uid()) AND (user_tenant_mapping.role = 'super_admin'::text)))))",null
letter_types,true,Tenant Isolation Insert,{public},INSERT,null,"((tenant_id = ( SELECT user_tenant_mapping.tenant_id FROM user_tenant_mapping WHERE (user_tenant_mapping.user_id = auth.uid()))) OR (EXISTS ( SELECT 1 FROM user_tenant_mapping WHERE ((user_tenant_mapping.user_id = auth.uid()) AND (user_tenant_mapping.role = 'super_admin'::text)))))"
letter_types,true,Tenant Isolation Select,{public},SELECT,"(((tenant_id = ( SELECT user_tenant_mapping.tenant_id FROM user_tenant_mapping WHERE (user_tenant_mapping.user_id = auth.uid()))) AND (category = ( SELECT upper(tenants.tier) AS upper FROM tenants WHERE (tenants.id = letter_types.tenant_id))) AND (plan = ( SELECT upper(tenants.plan) AS upper FROM tenants WHERE (tenants.id = letter_types.tenant_id)))) OR (EXISTS ( SELECT 1 FROM user_tenant_mapping WHERE ((user_tenant_mapping.user_id = auth.uid()) AND (user_tenant_mapping.role = 'super_admin'::text)))))",null
letter_types,true,Tenant Isolation Update,{public},UPDATE,"(((tenant_id = ( SELECT user_tenant_mapping.tenant_id FROM user_tenant_mapping WHERE (user_tenant_mapping.user_id = auth.uid()))) AND (category = ( SELECT upper(tenants.tier) AS upper FROM tenants WHERE (tenants.id = letter_types.tenant_id))) AND (plan = ( SELECT upper(tenants.plan) AS upper FROM tenants WHERE (tenants.id = letter_types.tenant_id)))) OR (EXISTS ( SELECT 1 FROM user_tenant_mapping WHERE ((user_tenant_mapping.user_id = auth.uid()) AND (user_tenant_mapping.role = 'super_admin'::text)))))",null
letter_types,true,letter_types_tenant_isolation,{public},ALL,(tenant_id = (current_setting('app.current_tenant_id'::text))::uuid),null
login_logs,true,Nagarsevak can view all login logs for their tenant,{public},SELECT,"(EXISTS ( SELECT 1 FROM user_tenant_mapping WHERE ((user_tenant_mapping.user_id = auth.uid()) AND (user_tenant_mapping.tenant_id = login_logs.tenant_id) AND (user_tenant_mapping.role = 'nagarsevak'::text))))",null
login_logs,true,Users can insert their own login logs,{public},INSERT,null,(auth.uid() = user_id)
login_logs,true,Users can view their own login logs,{public},SELECT,(auth.uid() = user_id),null
message_logs,true,Tenant Isolation Delete,{public},DELETE,"(((tenant_id = ( SELECT user_tenant_mapping.tenant_id FROM user_tenant_mapping WHERE (user_tenant_mapping.user_id = auth.uid()))) AND (category = ( SELECT upper(tenants.tier) AS upper FROM tenants WHERE (tenants.id = message_logs.tenant_id))) AND (plan = ( SELECT upper(tenants.plan) AS upper FROM tenants WHERE (tenants.id = message_logs.tenant_id)))) OR (EXISTS ( SELECT 1 FROM user_tenant_mapping WHERE ((user_tenant_mapping.user_id = auth.uid()) AND (user_tenant_mapping.role = 'super_admin'::text)))))",null
message_logs,true,Tenant Isolation Insert,{public},INSERT,null,"((tenant_id = ( SELECT user_tenant_mapping.tenant_id FROM user_tenant_mapping WHERE (user_tenant_mapping.user_id = auth.uid()))) OR (EXISTS ( SELECT 1 FROM user_tenant_mapping WHERE ((user_tenant_mapping.user_id = auth.uid()) AND (user_tenant_mapping.role = 'super_admin'::text)))))"
message_logs,true,Tenant Isolation Select,{public},SELECT,"(((tenant_id = ( SELECT user_tenant_mapping.tenant_id FROM user_tenant_mapping WHERE (user_tenant_mapping.user_id = auth.uid()))) AND (category = ( SELECT upper(tenants.tier) AS upper FROM tenants WHERE (tenants.id = message_logs.tenant_id))) AND (plan = ( SELECT upper(tenants.plan) AS upper FROM tenants WHERE (tenants.id = message_logs.tenant_id)))) OR (EXISTS ( SELECT 1 FROM user_tenant_mapping WHERE ((user_tenant_mapping.user_id = auth.uid()) AND (user_tenant_mapping.role = 'super_admin'::text)))))",null
message_logs,true,Tenant Isolation Update,{public},UPDATE,"(((tenant_id = ( SELECT user_tenant_mapping.tenant_id FROM user_tenant_mapping WHERE (user_tenant_mapping.user_id = auth.uid()))) AND (category = ( SELECT upper(tenants.tier) AS upper FROM tenants WHERE (tenants.id = message_logs.tenant_id))) AND (plan = ( SELECT upper(tenants.plan) AS upper FROM tenants WHERE (tenants.id = message_logs.tenant_id)))) OR (EXISTS ( SELECT 1 FROM user_tenant_mapping WHERE ((user_tenant_mapping.user_id = auth.uid()) AND (user_tenant_mapping.role = 'super_admin'::text)))))",null
message_logs,true,service_role_all,{service_role},ALL,true,true
message_logs,true,tenant_insert,{authenticated},INSERT,null,"((tenant_id)::text = ((current_setting('request.jwt.claims'::text, true))::json ->> 'tenant_id'::text))"
message_logs,true,tenant_select,{authenticated},SELECT,"((tenant_id)::text = ((current_setting('request.jwt.claims'::text, true))::json ->> 'tenant_id'::text))",null
non_voters,true,Allow public insert non_voters,{anon},INSERT,null,true
non_voters,true,Allow public read non_voters,{anon},SELECT,true,null
non_voters,true,Allow public update non_voters,{anon},UPDATE,true,null
non_voters,true,Tenant Isolation Delete,{public},DELETE,"(((tenant_id = ( SELECT user_tenant_mapping.tenant_id FROM user_tenant_mapping WHERE (user_tenant_mapping.user_id = auth.uid()))) AND (category = ( SELECT upper(tenants.tier) AS upper FROM tenants WHERE (tenants.id = non_voters.tenant_id))) AND (plan = ( SELECT upper(tenants.plan) AS upper FROM tenants WHERE (tenants.id = non_voters.tenant_id)))) OR (EXISTS ( SELECT 1 FROM user_tenant_mapping WHERE ((user_tenant_mapping.user_id = auth.uid()) AND (user_tenant_mapping.role = 'super_admin'::text)))))",null
non_voters,true,Tenant Isolation Insert,{public},INSERT,null,"((tenant_id = ( SELECT user_tenant_mapping.tenant_id FROM user_tenant_mapping WHERE (user_tenant_mapping.user_id = auth.uid()))) OR (EXISTS ( SELECT 1 FROM user_tenant_mapping WHERE ((user_tenant_mapping.user_id = auth.uid()) AND (user_tenant_mapping.role = 'super_admin'::text)))))"
non_voters,true,Tenant Isolation Select,{public},SELECT,"(((tenant_id = ( SELECT user_tenant_mapping.tenant_id FROM user_tenant_mapping WHERE (user_tenant_mapping.user_id = auth.uid()))) AND (category = ( SELECT upper(tenants.tier) AS upper FROM tenants WHERE (tenants.id = non_voters.tenant_id))) AND (plan = ( SELECT upper(tenants.plan) AS upper FROM tenants WHERE (tenants.id = non_voters.tenant_id)))) OR (EXISTS ( SELECT 1 FROM user_tenant_mapping WHERE ((user_tenant_mapping.user_id = auth.uid()) AND (user_tenant_mapping.role = 'super_admin'::text)))))",null
non_voters,true,Tenant Isolation Update,{public},UPDATE,"(((tenant_id = ( SELECT user_tenant_mapping.tenant_id FROM user_tenant_mapping WHERE (user_tenant_mapping.user_id = auth.uid()))) AND (category = ( SELECT upper(tenants.tier) AS upper FROM tenants WHERE (tenants.id = non_voters.tenant_id))) AND (plan = ( SELECT upper(tenants.plan) AS upper FROM tenants WHERE (tenants.id = non_voters.tenant_id)))) OR (EXISTS ( SELECT 1 FROM user_tenant_mapping WHERE ((user_tenant_mapping.user_id = auth.uid()) AND (user_tenant_mapping.role = 'super_admin'::text)))))",null
opposition_karyakartas,true,Allow manage opposition karyakartas,{authenticated},ALL,true,true
opposition_karyakartas,true,Allow read access opposition karyakartas,{public},SELECT,true,null
personal_requests,true,Tenant Isolation Delete,{public},DELETE,"(((tenant_id = ( SELECT user_tenant_mapping.tenant_id FROM user_tenant_mapping WHERE (user_tenant_mapping.user_id = auth.uid()))) AND (category = ( SELECT upper(tenants.tier) AS upper FROM tenants WHERE (tenants.id = personal_requests.tenant_id))) AND (plan = ( SELECT upper(tenants.plan) AS upper FROM tenants WHERE (tenants.id = personal_requests.tenant_id)))) OR (EXISTS ( SELECT 1 FROM user_tenant_mapping WHERE ((user_tenant_mapping.user_id = auth.uid()) AND (user_tenant_mapping.role = 'super_admin'::text)))))",null
personal_requests,true,Tenant Isolation Insert,{public},INSERT,null,"((tenant_id = ( SELECT user_tenant_mapping.tenant_id FROM user_tenant_mapping WHERE (user_tenant_mapping.user_id = auth.uid()))) OR (EXISTS ( SELECT 1 FROM user_tenant_mapping WHERE ((user_tenant_mapping.user_id = auth.uid()) AND (user_tenant_mapping.role = 'super_admin'::text)))))"
personal_requests,true,Tenant Isolation Select,{public},SELECT,"(((tenant_id = ( SELECT user_tenant_mapping.tenant_id FROM user_tenant_mapping WHERE (user_tenant_mapping.user_id = auth.uid()))) AND (category = ( SELECT upper(tenants.tier) AS upper FROM tenants WHERE (tenants.id = personal_requests.tenant_id))) AND (plan = ( SELECT upper(tenants.plan) AS upper FROM tenants WHERE (tenants.id = personal_requests.tenant_id)))) OR (EXISTS ( SELECT 1 FROM user_tenant_mapping WHERE ((user_tenant_mapping.user_id = auth.uid()) AND (user_tenant_mapping.role = 'super_admin'::text)))))",null
personal_requests,true,Tenant Isolation Update,{public},UPDATE,"(((tenant_id = ( SELECT user_tenant_mapping.tenant_id FROM user_tenant_mapping WHERE (user_tenant_mapping.user_id = auth.uid()))) AND (category = ( SELECT upper(tenants.tier) AS upper FROM tenants WHERE (tenants.id = personal_requests.tenant_id))) AND (plan = ( SELECT upper(tenants.plan) AS upper FROM tenants WHERE (tenants.id = personal_requests.tenant_id)))) OR (EXISTS ( SELECT 1 FROM user_tenant_mapping WHERE ((user_tenant_mapping.user_id = auth.uid()) AND (user_tenant_mapping.role = 'super_admin'::text)))))",null
personal_requests,true,personal_requests_tenant_isolation,{public},ALL,true,true
sadasya,true,Enable all access for authenticated users,{authenticated},ALL,true,true
sadasya,true,Enable read access for all users of same tenant,{public},SELECT,"((tenant_id = ( SELECT auth.uid() AS uid FROM auth.users WHERE (users.id = auth.uid()))) OR (tenant_id = '00000000-0000-0000-0000-000000000000'::uuid))",null
sadasya,true,Tenant Isolation Delete,{public},DELETE,"(((tenant_id = ( SELECT user_tenant_mapping.tenant_id FROM user_tenant_mapping WHERE (user_tenant_mapping.user_id = auth.uid()))) AND (category = ( SELECT upper(tenants.tier) AS upper FROM tenants WHERE (tenants.id = sadasya.tenant_id))) AND (plan = ( SELECT upper(tenants.plan) AS upper FROM tenants WHERE (tenants.id = sadasya.tenant_id)))) OR (EXISTS ( SELECT 1 FROM user_tenant_mapping WHERE ((user_tenant_mapping.user_id = auth.uid()) AND (user_tenant_mapping.role = 'super_admin'::text)))))",null
sadasya,true,Tenant Isolation Insert,{public},INSERT,null,"((tenant_id = ( SELECT user_tenant_mapping.tenant_id FROM user_tenant_mapping WHERE (user_tenant_mapping.user_id = auth.uid()))) OR (EXISTS ( SELECT 1 FROM user_tenant_mapping WHERE ((user_tenant_mapping.user_id = auth.uid()) AND (user_tenant_mapping.role = 'super_admin'::text)))))"
sadasya,true,Tenant Isolation Select,{public},SELECT,"(((tenant_id = ( SELECT user_tenant_mapping.tenant_id FROM user_tenant_mapping WHERE (user_tenant_mapping.user_id = auth.uid()))) AND (category = ( SELECT upper(tenants.tier) AS upper FROM tenants WHERE (tenants.id = sadasya.tenant_id))) AND (plan = ( SELECT upper(tenants.plan) AS upper FROM tenants WHERE (tenants.id = sadasya.tenant_id)))) OR (EXISTS ( SELECT 1 FROM user_tenant_mapping WHERE ((user_tenant_mapping.user_id = auth.uid()) AND (user_tenant_mapping.role = 'super_admin'::text)))))",null
sadasya,true,Tenant Isolation Update,{public},UPDATE,"(((tenant_id = ( SELECT user_tenant_mapping.tenant_id FROM user_tenant_mapping WHERE (user_tenant_mapping.user_id = auth.uid()))) AND (category = ( SELECT upper(tenants.tier) AS upper FROM tenants WHERE (tenants.id = sadasya.tenant_id))) AND (plan = ( SELECT upper(tenants.plan) AS upper FROM tenants WHERE (tenants.id = sadasya.tenant_id)))) OR (EXISTS ( SELECT 1 FROM user_tenant_mapping WHERE ((user_tenant_mapping.user_id = auth.uid()) AND (user_tenant_mapping.role = 'super_admin'::text)))))",null
scheme_applications,true,Enable all access for tenant users,{public},ALL,"(tenant_id IN ( SELECT user_tenant_mapping.tenant_id FROM user_tenant_mapping WHERE (user_tenant_mapping.user_id = auth.uid())))","(tenant_id IN ( SELECT user_tenant_mapping.tenant_id FROM user_tenant_mapping WHERE (user_tenant_mapping.user_id = auth.uid())))"
schemes,true,Allow public insert schemes,{anon},INSERT,null,true
schemes,true,Allow public read schemes,{anon},SELECT,true,null
schemes,true,Tenant Isolation Delete,{public},DELETE,"(((tenant_id = ( SELECT user_tenant_mapping.tenant_id FROM user_tenant_mapping WHERE (user_tenant_mapping.user_id = auth.uid()))) AND (category = ( SELECT upper(tenants.tier) AS upper FROM tenants WHERE (tenants.id = schemes.tenant_id))) AND (plan = ( SELECT upper(tenants.plan) AS upper FROM tenants WHERE (tenants.id = schemes.tenant_id)))) OR (EXISTS ( SELECT 1 FROM user_tenant_mapping WHERE ((user_tenant_mapping.user_id = auth.uid()) AND (user_tenant_mapping.role = 'super_admin'::text)))))",null
schemes,true,Tenant Isolation Insert,{public},INSERT,null,"((tenant_id = ( SELECT user_tenant_mapping.tenant_id FROM user_tenant_mapping WHERE (user_tenant_mapping.user_id = auth.uid()))) OR (EXISTS ( SELECT 1 FROM user_tenant_mapping WHERE ((user_tenant_mapping.user_id = auth.uid()) AND (user_tenant_mapping.role = 'super_admin'::text)))))"
schemes,true,Tenant Isolation Select,{public},SELECT,"(((tenant_id = ( SELECT user_tenant_mapping.tenant_id FROM user_tenant_mapping WHERE (user_tenant_mapping.user_id = auth.uid()))) AND (category = ( SELECT upper(tenants.tier) AS upper FROM tenants WHERE (tenants.id = schemes.tenant_id))) AND (plan = ( SELECT upper(tenants.plan) AS upper FROM tenants WHERE (tenants.id = schemes.tenant_id)))) OR (EXISTS ( SELECT 1 FROM user_tenant_mapping WHERE ((user_tenant_mapping.user_id = auth.uid()) AND (user_tenant_mapping.role = 'super_admin'::text)))))",null
schemes,true,Tenant Isolation Update,{public},UPDATE,"(((tenant_id = ( SELECT user_tenant_mapping.tenant_id FROM user_tenant_mapping WHERE (user_tenant_mapping.user_id = auth.uid()))) AND (category = ( SELECT upper(tenants.tier) AS upper FROM tenants WHERE (tenants.id = schemes.tenant_id))) AND (plan = ( SELECT upper(tenants.plan) AS upper FROM tenants WHERE (tenants.id = schemes.tenant_id)))) OR (EXISTS ( SELECT 1 FROM user_tenant_mapping WHERE ((user_tenant_mapping.user_id = auth.uid()) AND (user_tenant_mapping.role = 'super_admin'::text)))))",null
security_audit_logs,true,Admins can view tenant audit logs,{public},SELECT,"((EXISTS ( SELECT 1 FROM user_tenant_mapping WHERE ((user_tenant_mapping.user_id = auth.uid()) AND (user_tenant_mapping.tenant_id = security_audit_logs.tenant_id) AND (user_tenant_mapping.role = ANY (ARRAY['nagarsevak'::text, 'admin'::text, 'amdar'::text, 'khasdar'::text, 'minister'::text]))))) OR (EXISTS ( SELECT 1 FROM user_tenant_mapping WHERE ((user_tenant_mapping.user_id = auth.uid()) AND (user_tenant_mapping.role = 'super_admin'::text)))))",null
security_audit_logs,true,Users can insert security audit logs,{public},INSERT,null,true
social_organizations,true,Enable all access for authenticated users on social_organizatio,{authenticated},ALL,true,true
social_organizations,true,Tenant Isolation Delete,{public},DELETE,"(((tenant_id = ( SELECT user_tenant_mapping.tenant_id FROM user_tenant_mapping WHERE (user_tenant_mapping.user_id = auth.uid()))) AND (category = ( SELECT upper(tenants.tier) AS upper FROM tenants WHERE (tenants.id = social_organizations.tenant_id))) AND (plan = ( SELECT upper(tenants.plan) AS upper FROM tenants WHERE (tenants.id = social_organizations.tenant_id)))) OR (EXISTS ( SELECT 1 FROM user_tenant_mapping WHERE ((user_tenant_mapping.user_id = auth.uid()) AND (user_tenant_mapping.role = 'super_admin'::text)))))",null
social_organizations,true,Tenant Isolation Insert,{public},INSERT,null,"((tenant_id = ( SELECT user_tenant_mapping.tenant_id FROM user_tenant_mapping WHERE (user_tenant_mapping.user_id = auth.uid()))) OR (EXISTS ( SELECT 1 FROM user_tenant_mapping WHERE ((user_tenant_mapping.user_id = auth.uid()) AND (user_tenant_mapping.role = 'super_admin'::text)))))"
social_organizations,true,Tenant Isolation Select,{public},SELECT,"(((tenant_id = ( SELECT user_tenant_mapping.tenant_id FROM user_tenant_mapping WHERE (user_tenant_mapping.user_id = auth.uid()))) AND (category = ( SELECT upper(tenants.tier) AS upper FROM tenants WHERE (tenants.id = social_organizations.tenant_id))) AND (plan = ( SELECT upper(tenants.plan) AS upper FROM tenants WHERE (tenants.id = social_organizations.tenant_id)))) OR (EXISTS ( SELECT 1 FROM user_tenant_mapping WHERE ((user_tenant_mapping.user_id = auth.uid()) AND (user_tenant_mapping.role = 'super_admin'::text)))))",null
social_organizations,true,Tenant Isolation Update,{public},UPDATE,"(((tenant_id = ( SELECT user_tenant_mapping.tenant_id FROM user_tenant_mapping WHERE (user_tenant_mapping.user_id = auth.uid()))) AND (category = ( SELECT upper(tenants.tier) AS upper FROM tenants WHERE (tenants.id = social_organizations.tenant_id))) AND (plan = ( SELECT upper(tenants.plan) AS upper FROM tenants WHERE (tenants.id = social_organizations.tenant_id)))) OR (EXISTS ( SELECT 1 FROM user_tenant_mapping WHERE ((user_tenant_mapping.user_id = auth.uid()) AND (user_tenant_mapping.role = 'super_admin'::text)))))",null
staff,true,Tenant Isolation Delete,{public},DELETE,"(((tenant_id = ( SELECT user_tenant_mapping.tenant_id FROM user_tenant_mapping WHERE (user_tenant_mapping.user_id = auth.uid()))) AND (category = ( SELECT upper(tenants.tier) AS upper FROM tenants WHERE (tenants.id = staff.tenant_id))) AND (plan = ( SELECT upper(tenants.plan) AS upper FROM tenants WHERE (tenants.id = staff.tenant_id)))) OR (EXISTS ( SELECT 1 FROM user_tenant_mapping WHERE ((user_tenant_mapping.user_id = auth.uid()) AND (user_tenant_mapping.role = 'super_admin'::text)))))",null
staff,true,Tenant Isolation Delete Staff,{public},DELETE,"(tenant_id IN ( SELECT user_tenant_mapping.tenant_id FROM user_tenant_mapping WHERE (user_tenant_mapping.user_id = auth.uid())))",null
staff,true,Tenant Isolation Insert,{public},INSERT,null,"((tenant_id = ( SELECT user_tenant_mapping.tenant_id FROM user_tenant_mapping WHERE (user_tenant_mapping.user_id = auth.uid()))) OR (EXISTS ( SELECT 1 FROM user_tenant_mapping WHERE ((user_tenant_mapping.user_id = auth.uid()) AND (user_tenant_mapping.role = 'super_admin'::text)))))"
staff,true,Tenant Isolation Insert Staff,{public},INSERT,null,"(tenant_id IN ( SELECT user_tenant_mapping.tenant_id FROM user_tenant_mapping WHERE (user_tenant_mapping.user_id = auth.uid())))"
staff,true,Tenant Isolation Select,{public},SELECT,"(((tenant_id = ( SELECT user_tenant_mapping.tenant_id FROM user_tenant_mapping WHERE (user_tenant_mapping.user_id = auth.uid()))) AND (category = ( SELECT upper(tenants.tier) AS upper FROM tenants WHERE (tenants.id = staff.tenant_id))) AND (plan = ( SELECT upper(tenants.plan) AS upper FROM tenants WHERE (tenants.id = staff.tenant_id)))) OR (EXISTS ( SELECT 1 FROM user_tenant_mapping WHERE ((user_tenant_mapping.user_id = auth.uid()) AND (user_tenant_mapping.role = 'super_admin'::text)))))",null
staff,true,Tenant Isolation Select Staff,{public},SELECT,"(tenant_id IN ( SELECT user_tenant_mapping.tenant_id FROM user_tenant_mapping WHERE (user_tenant_mapping.user_id = auth.uid())))",null
staff,true,Tenant Isolation Update,{public},UPDATE,"(((tenant_id = ( SELECT user_tenant_mapping.tenant_id FROM user_tenant_mapping WHERE (user_tenant_mapping.user_id = auth.uid()))) AND (category = ( SELECT upper(tenants.tier) AS upper FROM tenants WHERE (tenants.id = staff.tenant_id))) AND (plan = ( SELECT upper(tenants.plan) AS upper FROM tenants WHERE (tenants.id = staff.tenant_id)))) OR (EXISTS ( SELECT 1 FROM user_tenant_mapping WHERE ((user_tenant_mapping.user_id = auth.uid()) AND (user_tenant_mapping.role = 'super_admin'::text)))))",null
staff,true,Tenant Isolation Update Staff,{public},UPDATE,"(tenant_id IN ( SELECT user_tenant_mapping.tenant_id FROM user_tenant_mapping WHERE (user_tenant_mapping.user_id = auth.uid())))",null
support_tickets,true,Tenant Isolation Delete,{public},DELETE,"(((tenant_id = ( SELECT user_tenant_mapping.tenant_id FROM user_tenant_mapping WHERE (user_tenant_mapping.user_id = auth.uid()))) AND (category = ( SELECT upper(tenants.tier) AS upper FROM tenants WHERE (tenants.id = support_tickets.tenant_id))) AND (plan = ( SELECT upper(tenants.plan) AS upper FROM tenants WHERE (tenants.id = support_tickets.tenant_id)))) OR (EXISTS ( SELECT 1 FROM user_tenant_mapping WHERE ((user_tenant_mapping.user_id = auth.uid()) AND (user_tenant_mapping.role = 'super_admin'::text)))))",null
support_tickets,true,Tenant Isolation Insert,{public},INSERT,null,"((tenant_id = ( SELECT user_tenant_mapping.tenant_id FROM user_tenant_mapping WHERE (user_tenant_mapping.user_id = auth.uid()))) OR (EXISTS ( SELECT 1 FROM user_tenant_mapping WHERE ((user_tenant_mapping.user_id = auth.uid()) AND (user_tenant_mapping.role = 'super_admin'::text)))))"
support_tickets,true,Tenant Isolation Select,{public},SELECT,"(((tenant_id = ( SELECT user_tenant_mapping.tenant_id FROM user_tenant_mapping WHERE (user_tenant_mapping.user_id = auth.uid()))) AND (category = ( SELECT upper(tenants.tier) AS upper FROM tenants WHERE (tenants.id = support_tickets.tenant_id))) AND (plan = ( SELECT upper(tenants.plan) AS upper FROM tenants WHERE (tenants.id = support_tickets.tenant_id)))) OR (EXISTS ( SELECT 1 FROM user_tenant_mapping WHERE ((user_tenant_mapping.user_id = auth.uid()) AND (user_tenant_mapping.role = 'super_admin'::text)))))",null
support_tickets,true,Tenant Isolation Update,{public},UPDATE,"(((tenant_id = ( SELECT user_tenant_mapping.tenant_id FROM user_tenant_mapping WHERE (user_tenant_mapping.user_id = auth.uid()))) AND (category = ( SELECT upper(tenants.tier) AS upper FROM tenants WHERE (tenants.id = support_tickets.tenant_id))) AND (plan = ( SELECT upper(tenants.plan) AS upper FROM tenants WHERE (tenants.id = support_tickets.tenant_id)))) OR (EXISTS ( SELECT 1 FROM user_tenant_mapping WHERE ((user_tenant_mapping.user_id = auth.uid()) AND (user_tenant_mapping.role = 'super_admin'::text)))))",null
survey_responses,true,Enable insert for authenticated users,{authenticated},INSERT,null,true
survey_responses,true,Enable insert for public,{anon},INSERT,null,true
survey_responses,true,Enable select for authenticated users,{authenticated},SELECT,true,null
survey_responses,true,Enable select for public,{anon},SELECT,true,null
survey_responses,true,Tenant Isolation Delete,{public},DELETE,"(((tenant_id = ( SELECT user_tenant_mapping.tenant_id FROM user_tenant_mapping WHERE (user_tenant_mapping.user_id = auth.uid()))) AND (category = ( SELECT upper(tenants.tier) AS upper FROM tenants WHERE (tenants.id = survey_responses.tenant_id))) AND (plan = ( SELECT upper(tenants.plan) AS upper FROM tenants WHERE (tenants.id = survey_responses.tenant_id)))) OR (EXISTS ( SELECT 1 FROM user_tenant_mapping WHERE ((user_tenant_mapping.user_id = auth.uid()) AND (user_tenant_mapping.role = 'super_admin'::text)))))",null
survey_responses,true,Tenant Isolation Insert,{public},INSERT,null,"((tenant_id = ( SELECT user_tenant_mapping.tenant_id FROM user_tenant_mapping WHERE (user_tenant_mapping.user_id = auth.uid()))) OR (EXISTS ( SELECT 1 FROM user_tenant_mapping WHERE ((user_tenant_mapping.user_id = auth.uid()) AND (user_tenant_mapping.role = 'super_admin'::text)))))"
survey_responses,true,Tenant Isolation Select,{public},SELECT,"(((tenant_id = ( SELECT user_tenant_mapping.tenant_id FROM user_tenant_mapping WHERE (user_tenant_mapping.user_id = auth.uid()))) AND (category = ( SELECT upper(tenants.tier) AS upper FROM tenants WHERE (tenants.id = survey_responses.tenant_id))) AND (plan = ( SELECT upper(tenants.plan) AS upper FROM tenants WHERE (tenants.id = survey_responses.tenant_id)))) OR (EXISTS ( SELECT 1 FROM user_tenant_mapping WHERE ((user_tenant_mapping.user_id = auth.uid()) AND (user_tenant_mapping.role = 'super_admin'::text)))))",null
survey_responses,true,Tenant Isolation Update,{public},UPDATE,"(((tenant_id = ( SELECT user_tenant_mapping.tenant_id FROM user_tenant_mapping WHERE (user_tenant_mapping.user_id = auth.uid()))) AND (category = ( SELECT upper(tenants.tier) AS upper FROM tenants WHERE (tenants.id = survey_responses.tenant_id))) AND (plan = ( SELECT upper(tenants.plan) AS upper FROM tenants WHERE (tenants.id = survey_responses.tenant_id)))) OR (EXISTS ( SELECT 1 FROM user_tenant_mapping WHERE ((user_tenant_mapping.user_id = auth.uid()) AND (user_tenant_mapping.role = 'super_admin'::text)))))",null
surveys,true,Enable all access for authenticated users,{authenticated},ALL,true,true
surveys,true,Tenant Isolation Delete,{public},DELETE,"(((tenant_id = ( SELECT user_tenant_mapping.tenant_id FROM user_tenant_mapping WHERE (user_tenant_mapping.user_id = auth.uid()))) AND (category = ( SELECT upper(tenants.tier) AS upper FROM tenants WHERE (tenants.id = surveys.tenant_id))) AND (plan = ( SELECT upper(tenants.plan) AS upper FROM tenants WHERE (tenants.id = surveys.tenant_id)))) OR (EXISTS ( SELECT 1 FROM user_tenant_mapping WHERE ((user_tenant_mapping.user_id = auth.uid()) AND (user_tenant_mapping.role = 'super_admin'::text)))))",null
surveys,true,Tenant Isolation Insert,{public},INSERT,null,"((tenant_id = ( SELECT user_tenant_mapping.tenant_id FROM user_tenant_mapping WHERE (user_tenant_mapping.user_id = auth.uid()))) OR (EXISTS ( SELECT 1 FROM user_tenant_mapping WHERE ((user_tenant_mapping.user_id = auth.uid()) AND (user_tenant_mapping.role = 'super_admin'::text)))))"
surveys,true,Tenant Isolation Select,{public},SELECT,"(((tenant_id = ( SELECT user_tenant_mapping.tenant_id FROM user_tenant_mapping WHERE (user_tenant_mapping.user_id = auth.uid()))) AND (category = ( SELECT upper(tenants.tier) AS upper FROM tenants WHERE (tenants.id = surveys.tenant_id))) AND (plan = ( SELECT upper(tenants.plan) AS upper FROM tenants WHERE (tenants.id = surveys.tenant_id)))) OR (EXISTS ( SELECT 1 FROM user_tenant_mapping WHERE ((user_tenant_mapping.user_id = auth.uid()) AND (user_tenant_mapping.role = 'super_admin'::text)))))",null
surveys,true,Tenant Isolation Update,{public},UPDATE,"(((tenant_id = ( SELECT user_tenant_mapping.tenant_id FROM user_tenant_mapping WHERE (user_tenant_mapping.user_id = auth.uid()))) AND (category = ( SELECT upper(tenants.tier) AS upper FROM tenants WHERE (tenants.id = surveys.tenant_id))) AND (plan = ( SELECT upper(tenants.plan) AS upper FROM tenants WHERE (tenants.id = surveys.tenant_id)))) OR (EXISTS ( SELECT 1 FROM user_tenant_mapping WHERE ((user_tenant_mapping.user_id = auth.uid()) AND (user_tenant_mapping.role = 'super_admin'::text)))))",null
tasks,true,Tenant Isolation Delete,{public},DELETE,"(tenant_id IN ( SELECT user_tenant_mapping.tenant_id FROM user_tenant_mapping WHERE (user_tenant_mapping.user_id = auth.uid())))",null
tasks,true,Tenant Isolation Insert,{public},INSERT,null,"(tenant_id IN ( SELECT user_tenant_mapping.tenant_id FROM user_tenant_mapping WHERE (user_tenant_mapping.user_id = auth.uid())))"
tasks,true,Tenant Isolation Select,{public},SELECT,"(tenant_id IN ( SELECT user_tenant_mapping.tenant_id FROM user_tenant_mapping WHERE (user_tenant_mapping.user_id = auth.uid())))",null
tasks,true,Tenant Isolation Update,{public},UPDATE,"(tenant_id IN ( SELECT user_tenant_mapping.tenant_id FROM user_tenant_mapping WHERE (user_tenant_mapping.user_id = auth.uid())))",null
tenants,true,Allow public read of tenants,{public},SELECT,true,null
tenants,true,Public read access to tenants,{public},SELECT,true,null
tenants,true,Users can update own tenant,{public},UPDATE,"(id IN ( SELECT user_tenant_mapping.tenant_id FROM user_tenant_mapping WHERE (user_tenant_mapping.user_id = auth.uid())))","(id IN ( SELECT user_tenant_mapping.tenant_id FROM user_tenant_mapping WHERE (user_tenant_mapping.user_id = auth.uid())))"
user_tenant_mapping,true,Users can read own tenant mapping,{public},SELECT,(auth.uid() = user_id),null
visitors,true,Public Access Visitors,{public},ALL,true,true
visitors,true,Tenant Isolation Delete,{public},DELETE,"(((tenant_id = ( SELECT user_tenant_mapping.tenant_id FROM user_tenant_mapping WHERE (user_tenant_mapping.user_id = auth.uid()))) AND (category = ( SELECT upper(tenants.tier) AS upper FROM tenants WHERE (tenants.id = visitors.tenant_id))) AND (plan = ( SELECT upper(tenants.plan) AS upper FROM tenants WHERE (tenants.id = visitors.tenant_id)))) OR (EXISTS ( SELECT 1 FROM user_tenant_mapping WHERE ((user_tenant_mapping.user_id = auth.uid()) AND (user_tenant_mapping.role = 'super_admin'::text)))))",null
visitors,true,Tenant Isolation Insert,{public},INSERT,null,"((tenant_id = ( SELECT user_tenant_mapping.tenant_id FROM user_tenant_mapping WHERE (user_tenant_mapping.user_id = auth.uid()))) OR (EXISTS ( SELECT 1 FROM user_tenant_mapping WHERE ((user_tenant_mapping.user_id = auth.uid()) AND (user_tenant_mapping.role = 'super_admin'::text)))))"
visitors,true,Tenant Isolation Select,{public},SELECT,"(((tenant_id = ( SELECT user_tenant_mapping.tenant_id FROM user_tenant_mapping WHERE (user_tenant_mapping.user_id = auth.uid()))) AND (category = ( SELECT upper(tenants.tier) AS upper FROM tenants WHERE (tenants.id = visitors.tenant_id))) AND (plan = ( SELECT upper(tenants.plan) AS upper FROM tenants WHERE (tenants.id = visitors.tenant_id)))) OR (EXISTS ( SELECT 1 FROM user_tenant_mapping WHERE ((user_tenant_mapping.user_id = auth.uid()) AND (user_tenant_mapping.role = 'super_admin'::text)))))",null
visitors,true,Tenant Isolation Update,{public},UPDATE,"(((tenant_id = ( SELECT user_tenant_mapping.tenant_id FROM user_tenant_mapping WHERE (user_tenant_mapping.user_id = auth.uid()))) AND (category = ( SELECT upper(tenants.tier) AS upper FROM tenants WHERE (tenants.id = visitors.tenant_id))) AND (plan = ( SELECT upper(tenants.plan) AS upper FROM tenants WHERE (tenants.id = visitors.tenant_id)))) OR (EXISTS ( SELECT 1 FROM user_tenant_mapping WHERE ((user_tenant_mapping.user_id = auth.uid()) AND (user_tenant_mapping.role = 'super_admin'::text)))))",null
voter_applications,true,Enable insert access for tenant users,{public},INSERT,null,"((tenant_id)::text = current_setting('app.current_tenant'::text, true))"
voter_applications,true,Enable read access for tenant users,{public},SELECT,"((tenant_id)::text = current_setting('app.current_tenant'::text, true))",null
voter_applications,true,Enable update access for tenant users,{public},UPDATE,"((tenant_id)::text = current_setting('app.current_tenant'::text, true))",null
voter_applications,true,Tenant Isolation Delete,{public},DELETE,"(tenant_id IN ( SELECT user_tenant_mapping.tenant_id FROM user_tenant_mapping WHERE (user_tenant_mapping.user_id = auth.uid())))",null
voter_applications,true,Tenant Isolation Insert,{public},INSERT,null,"((tenant_id IN ( SELECT user_tenant_mapping.tenant_id FROM user_tenant_mapping WHERE (user_tenant_mapping.user_id = auth.uid()))) OR ((auth.role() = 'anon'::text) AND (tenant_id IS NOT NULL)))"
voter_applications,true,Tenant Isolation Select,{public},SELECT,"((tenant_id IN ( SELECT user_tenant_mapping.tenant_id FROM user_tenant_mapping WHERE (user_tenant_mapping.user_id = auth.uid()))) OR ((auth.role() = 'anon'::text) AND (tenant_id IS NOT NULL)))",null
voter_applications,true,Tenant Isolation Update,{public},UPDATE,"(tenant_id IN ( SELECT user_tenant_mapping.tenant_id FROM user_tenant_mapping WHERE (user_tenant_mapping.user_id = auth.uid())))",null
voters,true,Allow public insert voters,{anon},INSERT,null,true
voters,true,Allow public read voters,{anon},SELECT,true,null
voters,true,Allow public update voters,{anon},UPDATE,true,null
voters,true,Tenant Isolation Delete,{public},DELETE,"(((tenant_id = ( SELECT user_tenant_mapping.tenant_id FROM user_tenant_mapping WHERE (user_tenant_mapping.user_id = auth.uid()))) AND (category = ( SELECT upper(tenants.tier) AS upper FROM tenants WHERE (tenants.id = voters.tenant_id))) AND (plan = ( SELECT upper(tenants.plan) AS upper FROM tenants WHERE (tenants.id = voters.tenant_id)))) OR (EXISTS ( SELECT 1 FROM user_tenant_mapping WHERE ((user_tenant_mapping.user_id = auth.uid()) AND (user_tenant_mapping.role = 'super_admin'::text)))))",null
voters,true,Tenant Isolation Insert,{public},INSERT,null,"((tenant_id = ( SELECT user_tenant_mapping.tenant_id FROM user_tenant_mapping WHERE (user_tenant_mapping.user_id = auth.uid()))) OR (EXISTS ( SELECT 1 FROM user_tenant_mapping WHERE ((user_tenant_mapping.user_id = auth.uid()) AND (user_tenant_mapping.role = 'super_admin'::text)))))"
voters,true,Tenant Isolation Select,{public},SELECT,"(((tenant_id = ( SELECT user_tenant_mapping.tenant_id FROM user_tenant_mapping WHERE (user_tenant_mapping.user_id = auth.uid()))) AND (category = ( SELECT upper(tenants.tier) AS upper FROM tenants WHERE (tenants.id = voters.tenant_id))) AND (plan = ( SELECT upper(tenants.plan) AS upper FROM tenants WHERE (tenants.id = voters.tenant_id)))) OR (EXISTS ( SELECT 1 FROM user_tenant_mapping WHERE ((user_tenant_mapping.user_id = auth.uid()) AND (user_tenant_mapping.role = 'super_admin'::text)))))",null
voters,true,Tenant Isolation Update,{public},UPDATE,"(((tenant_id = ( SELECT user_tenant_mapping.tenant_id FROM user_tenant_mapping WHERE (user_tenant_mapping.user_id = auth.uid()))) AND (category = ( SELECT upper(tenants.tier) AS upper FROM tenants WHERE (tenants.id = voters.tenant_id))) AND (plan = ( SELECT upper(tenants.plan) AS upper FROM tenants WHERE (tenants.id = voters.tenant_id)))) OR (EXISTS ( SELECT 1 FROM user_tenant_mapping WHERE ((user_tenant_mapping.user_id = auth.uid()) AND (user_tenant_mapping.role = 'super_admin'::text)))))",null
ward_provisions,true,Allow public insert ward_provisions,{anon},INSERT,null,true
ward_provisions,true,Allow public read ward_provisions,{anon},SELECT,true,null
ward_provisions,true,Allow public update ward_provisions,{anon},UPDATE,true,null
ward_provisions,true,Tenant Isolation Delete,{public},DELETE,"(((tenant_id = ( SELECT user_tenant_mapping.tenant_id FROM user_tenant_mapping WHERE (user_tenant_mapping.user_id = auth.uid()))) AND (category = ( SELECT upper(tenants.tier) AS upper FROM tenants WHERE (tenants.id = ward_provisions.tenant_id))) AND (plan = ( SELECT upper(tenants.plan) AS upper FROM tenants WHERE (tenants.id = ward_provisions.tenant_id)))) OR (EXISTS ( SELECT 1 FROM user_tenant_mapping WHERE ((user_tenant_mapping.user_id = auth.uid()) AND (user_tenant_mapping.role = 'super_admin'::text)))))",null
ward_provisions,true,Tenant Isolation Insert,{public},INSERT,null,"((tenant_id = ( SELECT user_tenant_mapping.tenant_id FROM user_tenant_mapping WHERE (user_tenant_mapping.user_id = auth.uid()))) OR (EXISTS ( SELECT 1 FROM user_tenant_mapping WHERE ((user_tenant_mapping.user_id = auth.uid()) AND (user_tenant_mapping.role = 'super_admin'::text)))))"
ward_provisions,true,Tenant Isolation Select,{public},SELECT,"(((tenant_id = ( SELECT user_tenant_mapping.tenant_id FROM user_tenant_mapping WHERE (user_tenant_mapping.user_id = auth.uid()))) AND (category = ( SELECT upper(tenants.tier) AS upper FROM tenants WHERE (tenants.id = ward_provisions.tenant_id))) AND (plan = ( SELECT upper(tenants.plan) AS upper FROM tenants WHERE (tenants.id = ward_provisions.tenant_id)))) OR (EXISTS ( SELECT 1 FROM user_tenant_mapping WHERE ((user_tenant_mapping.user_id = auth.uid()) AND (user_tenant_mapping.role = 'super_admin'::text)))))",null
ward_provisions,true,Tenant Isolation Update,{public},UPDATE,"(((tenant_id = ( SELECT user_tenant_mapping.tenant_id FROM user_tenant_mapping WHERE (user_tenant_mapping.user_id = auth.uid()))) AND (category = ( SELECT upper(tenants.tier) AS upper FROM tenants WHERE (tenants.id = ward_provisions.tenant_id))) AND (plan = ( SELECT upper(tenants.plan) AS upper FROM tenants WHERE (tenants.id = ward_provisions.tenant_id)))) OR (EXISTS ( SELECT 1 FROM user_tenant_mapping WHERE ((user_tenant_mapping.user_id = auth.uid()) AND (user_tenant_mapping.role = 'super_admin'::text)))))",null
whatsapp_sessions,true,Allow all access to whatsapp_sessions,{public},ALL,true,true
work_tracker_history,true,Users can insert work tracker history for their tenant,{authenticated},INSERT,null,(tenant_id = ((auth.jwt() ->> 'tenant_id'::text))::uuid)
work_tracker_history,true,Users can see their tenant's work tracker history,{authenticated},SELECT,(tenant_id = ((auth.jwt() ->> 'tenant_id'::text))::uuid),null
work_trackers,true,Tenant Isolation Delete,{public},DELETE,"(((tenant_id = ( SELECT user_tenant_mapping.tenant_id FROM user_tenant_mapping WHERE (user_tenant_mapping.user_id = auth.uid()))) AND (category = ( SELECT upper(tenants.tier) AS upper FROM tenants WHERE (tenants.id = work_trackers.tenant_id))) AND (plan = ( SELECT upper(tenants.plan) AS upper FROM tenants WHERE (tenants.id = work_trackers.tenant_id)))) OR (EXISTS ( SELECT 1 FROM user_tenant_mapping WHERE ((user_tenant_mapping.user_id = auth.uid()) AND (user_tenant_mapping.role = 'super_admin'::text)))))",null
work_trackers,true,Tenant Isolation Insert,{public},INSERT,null,"((tenant_id = ( SELECT user_tenant_mapping.tenant_id FROM user_tenant_mapping WHERE (user_tenant_mapping.user_id = auth.uid()))) OR (EXISTS ( SELECT 1 FROM user_tenant_mapping WHERE ((user_tenant_mapping.user_id = auth.uid()) AND (user_tenant_mapping.role = 'super_admin'::text)))))"
work_trackers,true,Tenant Isolation Select,{public},SELECT,"(((tenant_id = ( SELECT user_tenant_mapping.tenant_id FROM user_tenant_mapping WHERE (user_tenant_mapping.user_id = auth.uid()))) AND (category = ( SELECT upper(tenants.tier) AS upper FROM tenants WHERE (tenants.id = work_trackers.tenant_id))) AND (plan = ( SELECT upper(tenants.plan) AS upper FROM tenants WHERE (tenants.id = work_trackers.tenant_id)))) OR (EXISTS ( SELECT 1 FROM user_tenant_mapping WHERE ((user_tenant_mapping.user_id = auth.uid()) AND (user_tenant_mapping.role = 'super_admin'::text)))))",null
work_trackers,true,Tenant Isolation Update,{public},UPDATE,"(((tenant_id = ( SELECT user_tenant_mapping.tenant_id FROM user_tenant_mapping WHERE (user_tenant_mapping.user_id = auth.uid()))) AND (category = ( SELECT upper(tenants.tier) AS upper FROM tenants WHERE (tenants.id = work_trackers.tenant_id))) AND (plan = ( SELECT upper(tenants.plan) AS upper FROM tenants WHERE (tenants.id = work_trackers.tenant_id)))) OR (EXISTS ( SELECT 1 FROM user_tenant_mapping WHERE ((user_tenant_mapping.user_id = auth.uid()) AND (user_tenant_mapping.role = 'super_admin'::text)))))",null
work_trackers,true,Users can delete work trackers for their tenant,{authenticated},DELETE,"(EXISTS ( SELECT 1 FROM user_tenant_mapping WHERE ((user_tenant_mapping.user_id = auth.uid()) AND (user_tenant_mapping.tenant_id = work_trackers.tenant_id))))",null
work_trackers,true,Users can insert work trackers for their tenant,{authenticated},INSERT,null,"(EXISTS ( SELECT 1 FROM user_tenant_mapping WHERE ((user_tenant_mapping.user_id = auth.uid()) AND (user_tenant_mapping.tenant_id = work_trackers.tenant_id))))"
work_trackers,true,Users can see their tenant's work trackers,{authenticated},SELECT,"(EXISTS ( SELECT 1 FROM user_tenant_mapping WHERE ((user_tenant_mapping.user_id = auth.uid()) AND (user_tenant_mapping.tenant_id = work_trackers.tenant_id))))",null
work_trackers,true,Users can update work trackers for their tenant,{authenticated},UPDATE,"(EXISTS ( SELECT 1 FROM user_tenant_mapping WHERE ((user_tenant_mapping.user_id = auth.uid()) AND (user_tenant_mapping.tenant_id = work_trackers.tenant_id))))",null
works,true,Allow public insert works,{anon},INSERT,null,true
works,true,Allow public read works,{anon},SELECT,true,null
works,true,Tenant Isolation Delete,{public},DELETE,"(((tenant_id = ( SELECT user_tenant_mapping.tenant_id FROM user_tenant_mapping WHERE (user_tenant_mapping.user_id = auth.uid()))) AND (category = ( SELECT upper(tenants.tier) AS upper FROM tenants WHERE (tenants.id = works.tenant_id))) AND (plan = ( SELECT upper(tenants.plan) AS upper FROM tenants WHERE (tenants.id = works.tenant_id)))) OR (EXISTS ( SELECT 1 FROM user_tenant_mapping WHERE ((user_tenant_mapping.user_id = auth.uid()) AND (user_tenant_mapping.role = 'super_admin'::text)))))",null
works,true,Tenant Isolation Insert,{public},INSERT,null,"((tenant_id = ( SELECT user_tenant_mapping.tenant_id FROM user_tenant_mapping WHERE (user_tenant_mapping.user_id = auth.uid()))) OR (EXISTS ( SELECT 1 FROM user_tenant_mapping WHERE ((user_tenant_mapping.user_id = auth.uid()) AND (user_tenant_mapping.role = 'super_admin'::text)))))"
works,true,Tenant Isolation Select,{public},SELECT,"(((tenant_id = ( SELECT user_tenant_mapping.tenant_id FROM user_tenant_mapping WHERE (user_tenant_mapping.user_id = auth.uid()))) AND (category = ( SELECT upper(tenants.tier) AS upper FROM tenants WHERE (tenants.id = works.tenant_id))) AND (plan = ( SELECT upper(tenants.plan) AS upper FROM tenants WHERE (tenants.id = works.tenant_id)))) OR (EXISTS ( SELECT 1 FROM user_tenant_mapping WHERE ((user_tenant_mapping.user_id = auth.uid()) AND (user_tenant_mapping.role = 'super_admin'::text)))))",null
works,true,Tenant Isolation Update,{public},UPDATE,"(((tenant_id = ( SELECT user_tenant_mapping.tenant_id FROM user_tenant_mapping WHERE (user_tenant_mapping.user_id = auth.uid()))) AND (category = ( SELECT upper(tenants.tier) AS upper FROM tenants WHERE (tenants.id = works.tenant_id))) AND (plan = ( SELECT upper(tenants.plan) AS upper FROM tenants WHERE (tenants.id = works.tenant_id)))) OR (EXISTS ( SELECT 1 FROM user_tenant_mapping WHERE ((user_tenant_mapping.user_id = auth.uid()) AND (user_tenant_mapping.role = 'super_admin'::text)))))",null
